{
  "equity_columns": [
    "Methodology",
    "60/40 SPY/AGG",
    "Equal-weight sectors"
  ],
  "equity_rows": 1992,
  "equity_sha256": "98d0eda0d9ac55a9d306d75db318eb9da2202bf354731fcdee0141a89b38cdd7",
  "fred_validation_report_sha256": "638fa35ac0e4c6831ffe3547f09e27929965a597d5cae52520e2d52fe59de460",
  "fred_validation_summary_sha256": "8b23b346d5cb47c9c645ab3c30d831be775041b37af970f65e962a7e577bf657",
  "generated_at_utc": "2026-05-22T07:22:03.778349Z",
  "macro_variant_summary": [
    {
      "active_in_sample_rebalances": 16,
      "active_oos_rebalances": 47,
      "active_rebalances": 63,
      "annualized_turnover_delta": 2.9340140911,
      "availability_lag_days": 1,
      "baseline_annualized_turnover": 23.7944513896,
      "baseline_cagr": 0.0932016828,
      "baseline_hit_rate": 0.5484681065,
      "baseline_max_drawdown": -0.3008583024,
      "baseline_sharpe": 0.5862912067,
      "baseline_total_return": 1.0219155755,
      "baseline_trade_count": 413.0,
      "cagr_delta": -0.020064425,
      "condition": "rising",
      "exposure_multiplier": 0.0,
      "hit_rate_delta": -0.0838774485,
      "in_sample_annualized_turnover_delta": 1.6876004616,
      "in_sample_baseline_annualized_turnover": 22.3215277788,
      "in_sample_baseline_cagr": 0.0670551881,
      "in_sample_baseline_hit_rate": 0.5440860215,
      "in_sample_baseline_max_drawdown": -0.3008583024,
      "in_sample_baseline_sharpe": 0.4319556795,
      "in_sample_baseline_total_return": 0.4323017538,
      "in_sample_baseline_trade_count": 289.0,
      "in_sample_cagr_delta": -0.0170828363,
      "in_sample_hit_rate_delta": -0.0315412186,
      "in_sample_max_drawdown_delta": 0.0,
      "in_sample_sharpe_delta": -0.0812031203,
      "in_sample_total_return_delta": -0.1224124375,
      "in_sample_trade_count_delta": -7.0,
      "in_sample_variant_annualized_turnover": 24.0091282404,
      "in_sample_variant_cagr": 0.0499723518,
      "in_sample_variant_hit_rate": 0.5125448029,
      "in_sample_variant_max_drawdown": -0.3008583024,
      "in_sample_variant_sharpe": 0.3507525592,
      "in_sample_variant_total_return": 0.3098893164,
      "in_sample_variant_trade_count": 282.0,
      "lookback_periods": 1,
      "max_drawdown_delta": 0.0,
      "oos_annualized_turnover_delta": 5.8513748515,
      "oos_baseline_annualized_turnover": 27.2419823243,
      "oos_baseline_cagr": 0.1569324993,
      "oos_baseline_hit_rate": 0.5587248322,
      "oos_baseline_max_drawdown": -0.1488281879,
      "oos_baseline_sharpe": 1.1111787905,
      "oos_baseline_total_return": 0.4116547509,
      "oos_baseline_trade_count": 124.0,
      "oos_cagr_delta": -0.0275575843,
      "oos_hit_rate_delta": -0.2063758389,
      "oos_max_drawdown_delta": 0.0948838006,
      "oos_sharpe_delta": 0.3571929905,
      "oos_total_return_delta": -0.0782365219,
      "oos_trade_count_delta": -22.0,
      "oos_variant_annualized_turnover": 33.0933571758,
      "oos_variant_cagr": 0.129374915,
      "oos_variant_hit_rate": 0.3523489933,
      "oos_variant_max_drawdown": -0.0539443873,
      "oos_variant_sharpe": 1.468371781,
      "oos_variant_total_return": 0.333418229,
      "oos_variant_trade_count": 102.0,
      "promotion_label": "needs more testing",
      "series_id": "BAMLH0A0HYM2",
      "sharpe_delta": -0.0799000192,
      "threshold": 0.0,
      "total_return_delta": -0.2752852831,
      "trade_count_delta": -29.0,
      "variant": "HY spread rising defensive",
      "variant_annualized_turnover": 26.7284654807,
      "variant_cagr": 0.0731372578,
      "variant_hit_rate": 0.464590658,
      "variant_max_drawdown": -0.3008583024,
      "variant_sharpe": 0.5063911875,
      "variant_total_return": 0.7466302924,
      "variant_trade_count": 384.0
    },
    {
      "active_in_sample_rebalances": 138,
      "active_oos_rebalances": 69,
      "active_rebalances": 207,
      "annualized_turnover_delta": 9.2658623344,
      "availability_lag_days": 7,
      "baseline_annualized_turnover": 23.7944513896,
      "baseline_cagr": 0.0932016828,
      "baseline_hit_rate": 0.5484681065,
      "baseline_max_drawdown": -0.3008583024,
      "baseline_sharpe": 0.5862912067,
      "baseline_total_return": 1.0219155755,
      "baseline_trade_count": 413.0,
      "cagr_delta": -0.0758995662,
      "condition": "rising",
      "exposure_multiplier": 0.0,
      "hit_rate_delta": -0.2827724761,
      "in_sample_annualized_turnover_delta": 10.55813237,
      "in_sample_baseline_annualized_turnover": 22.3215277788,
      "in_sample_baseline_cagr": 0.0670551881,
      "in_sample_baseline_hit_rate": 0.5440860215,
      "in_sample_baseline_max_drawdown": -0.3008583024,
      "in_sample_baseline_sharpe": 0.4319556795,
      "in_sample_baseline_total_return": 0.4323017538,
      "in_sample_baseline_trade_count": 289.0,
      "in_sample_cagr_delta": -0.0733761993,
      "in_sample_hit_rate_delta": -0.2731182796,
      "in_sample_max_drawdown_delta": 0.040354389,
      "in_sample_sharpe_delta": -0.4280909028,
      "in_sample_total_return_delta": -0.4667951823,
      "in_sample_trade_count_delta": -65.0,
      "in_sample_variant_annualized_turnover": 32.8796601488,
      "in_sample_variant_cagr": -0.0063210113,
      "in_sample_variant_hit_rate": 0.2709677419,
      "in_sample_variant_max_drawdown": -0.2605039134,
      "in_sample_variant_sharpe": 0.0038647767,
      "in_sample_variant_total_return": -0.0344934285,
      "in_sample_variant_trade_count": 224.0,
      "lookback_periods": 1,
      "max_drawdown_delta": 0.040354389,
      "oos_annualized_turnover_delta": 6.2411698852,
      "oos_baseline_annualized_turnover": 27.2419823243,
      "oos_baseline_cagr": 0.1569324993,
      "oos_baseline_hit_rate": 0.5587248322,
      "oos_baseline_max_drawdown": -0.1488281879,
      "oos_baseline_sharpe": 1.1111787905,
      "oos_baseline_total_return": 0.4116547509,
      "oos_baseline_trade_count": 124.0,
      "oos_cagr_delta": -0.0821190304,
      "oos_hit_rate_delta": -0.3053691275,
      "oos_max_drawdown_delta": 0.0289531136,
      "oos_sharpe_delta": -0.2215086175,
      "oos_total_return_delta": -0.2255985496,
      "oos_trade_count_delta": -36.0,
      "oos_variant_annualized_turnover": 33.4831522095,
      "oos_variant_cagr": 0.074813469,
      "oos_variant_hit_rate": 0.2533557047,
      "oos_variant_max_drawdown": -0.1198750742,
      "oos_variant_sharpe": 0.8896701729,
      "oos_variant_total_return": 0.1860562013,
      "oos_variant_trade_count": 88.0,
      "promotion_label": "needs more testing",
      "series_id": "STLFSI4",
      "sharpe_delta": -0.3732917192,
      "threshold": 0.0,
      "total_return_delta": -0.876770519,
      "trade_count_delta": -101.0,
      "variant": "Stress rising defensive",
      "variant_annualized_turnover": 33.060313724,
      "variant_cagr": 0.0173021166,
      "variant_hit_rate": 0.2656956303,
      "variant_max_drawdown": -0.2605039134,
      "variant_sharpe": 0.2129994875,
      "variant_total_return": 0.1451450565,
      "variant_trade_count": 312.0
    },
    {
      "active_in_sample_rebalances": 134,
      "active_oos_rebalances": 64,
      "active_rebalances": 198,
      "annualized_turnover_delta": 6.4539318127,
      "availability_lag_days": 1,
      "baseline_annualized_turnover": 23.7944513896,
      "baseline_cagr": 0.0932016828,
      "baseline_hit_rate": 0.5484681065,
      "baseline_max_drawdown": -0.3008583024,
      "baseline_sharpe": 0.5862912067,
      "baseline_total_return": 1.0219155755,
      "baseline_trade_count": 413.0,
      "cagr_delta": -0.039350087,
      "condition": "falling",
      "exposure_multiplier": 0.0,
      "hit_rate_delta": -0.2586639879,
      "in_sample_annualized_turnover_delta": 8.4133668281,
      "in_sample_baseline_annualized_turnover": 22.3215277788,
      "in_sample_baseline_cagr": 0.0670551881,
      "in_sample_baseline_hit_rate": 0.5440860215,
      "in_sample_baseline_max_drawdown": -0.3008583024,